Id,Title,Description,Date,Category,Author
10,"c","c",2025-06-28,Technology,ddd
12,"long","<p>Pellentesque habitant morbi tristique senectus et netus et malesuada fames ac turpis egestas. Vestibulum tortor quam, feugiat vitae, ultricies eget, tempor sit amet, ante. Donec eu libero sit amet quam egestas semper. Aenean ultricies mi vitae est. Mauris placerat eleifend leo. Quisque sit amet est et sapien ullamcorper pharetra. Vestibulum erat wisi, condimentum sed, commodo vitae, ornare sit amet, wisi. Aenean fermentum, elit eget tincidunt condimentum, eros ipsum rutrum orci, sagittis tempus lacus enim ac dui. Donec non enim in turpis pulvinar facilisis. Ut felis. Praesent dapibus, neque id cursus faucibus, tortor neque egestas augue, eu vulputate magna eros eu erat. Aliquam erat volutpat. Nam dui mi, tincidunt quis, accumsan porttitor, facilisis luctus, metus</p>
You’ve probably heard of Lorem Ipsum before – it’s the most-used dummy text excerpt out there. People use it because it has a fairly normal distribution of letters and words (making it look like normal English), but it’s also Latin, which means your average reader won’t get distracted by trying to read it. It’s perfect for showcasing design work as it should look when fleshed out with text, because it allows viewers to focus on the design work itself, instead of the text. It’s also a great way to showcase the functionality of programs like word processors, font types, and more.

We’ve taken Lorem Ipsum to the next level with our HTML-Ipsum tool. As you can see, this Lorem Ipsum is tailor-made for websites and other online projects that are based in HTML. Most web design projects use Lorem Ipsum excerpts to begin with, but you always have to spend an annoying extra minute or two formatting it properly for the web.

Maybe you have a custom-styled ordered list you want to show off, or maybe you just want a long chunk of Lorem Ipsum that’s already wrapped in paragraph tags. No matter the need, we’ve put together a number of Lorem Ipsum samples ready to go with HTML tags and formatting in place. All you have to do is click the heading of any section on this page, and that HTML-Ipsum block is copied to your clipboard and ready to be loaded into a website redesign template, brand new design mockup, or any other digital project you might need dummy text for.

No matter the project, please remember to replace your fancy HTML-Ipsum with real content before you go live - this is especially important if you're planning to implement a content-based marketing strategy for your new creation! Lorem Ipsum text is all well and good to demonstrate a design or project, but if you set a website loose on the Internet without replacing dummy text with relevant, high quality content, you’ll run into all sorts of potential Search Engine Optimization issues like thin content, duplicate content, and more.

HTML-Ipsum is maintained by WebFX. For more inut us, please visit WebFX Reviews. To learn more about the industries we drive Internet marketing performormance for and our revenue driving services: SEO, PPC, social media, web design, local SEO and online advertising services.",2025-06-28,Technology,edited o
13,"adfhwe","eitjaiohga",2025-07-11,Technology,ajfaiowtw
14,"fagaiutgiao","awthoaiwtghang",2025-07-12,Business,afhiwathaoitga
15,"qqthqqjjqo","iioqhf",2025-07-05,Technology,afqiothqiotq
16,"qtjqoitjqoi","qitojqiothqoit",2025-07-18,Technology,qkhqiotqiot
17,"qirjqoitqjotf","qjfqiogjqoigtq3",2025-07-11,Technology,hfihqowfq9truq93tu83tisio
18,"jtqoitujgqot","fqjtqotjo3tqo3t",2025-07-04,Technology,akfiqojgtq3
19,"qoqttjq3otq3tgjbn","akjfoigjoagjier",2025-07-11,Technology,afjaojfifai
20,"afwfuaw89efuaiegf","afhoawfgaoiwfwoifaw",2025-07-18,Technology,afifhaoiwfhaw
21,"afhiahtoaitfoafuoawifiaog","jhuihoiiouiui",2025-07-11,Technology,afhaiowrghaowigfawoigawoi
22,"akjfioagjaiwogawiogwa","aifhiawofjawiogfaiogaoi",2025-07-03,Health,AFoafawoifwif
23,"afijiaojfWIFA","FIAOJAIOGJAWIOFAW",2025-07-03,Business,AFJAIOFAWOI
24,"akfjaoijaotiw9efiegjvnb","afjaiojefiaewfvnznvkjfa",2025-07-25,Technology,afaiotjaiofjawg
25,"afjaifjawioef","afjaofjaoi",2025-07-26,Business,akfhaiawifgwaiff
26,"joiafjaiowfjvg","fakfnafjawiofjwiao",2025-07-03,Health,ajfaihioaf
27,"afjoaifawifjgvi","afjoafjafiagnagvn",2025-07-11,Health,afknaifjiwf
28,"afjoitqiotfgvskn","afjoaifjawifiwaofoaiw",2025-07-04,Health,akfaoifwaiofkvgagak
29,"iutioeutigjdndn","ajkfioafjaiof",2025-07-02,Business,kjfaifhaiwfriw
30,"eiuqiotujfka","fakfjoifwioafhiofa",2025-07-10,Business,afhioafhoifaio
31,"ajfioafiowf","jafmlafjwaoifaoi",2025-07-17,Business,akfjaifhaifuawufe
32,"oiureqiuraklfaoif","akjfaoiffjaioffio",2025-07-26,Business,afjfhioafioawfoia
33,"uiuroigjsfmnv","adfnvaiajfafhaghgiueguei",2025-07-15,Business,jhuhiuuhuh
34,"ahfiaieuayfafhan","nvnjafajfhaf;afa",2025-07-21,Business,afjhafuhaiofiewf
35,"aknvaiofafia","kajfioaefnvvmzm,",2025-07-18,Health,afnaifjaiwofjiaf
36,"kajfakfjiefnvvnzsn","ajkvnajkfaiofhei",2025-07-15,Business,avnafijawioejfalvmnbajkvlakva
37,"afkjaiofjoiafvnnvafnanfka","mnvkajfhaiofvjkvjvnjak",2025-07-18,Health,zmvnaifhiwf
38,"akfjoiafjaiowfvn,zsnvka","zkvnjfakjfnaowiejfoaiw",2025-07-24,Health,avnafjiofjafnvavna,.
39,"ncn.iajfaiffjaoiwfjnavnavfhuaoifafnv","anv,mvnaoifhauwvhnz,,z..afaifiao",2025-07-03,Technology,hifhaiffnVn
40,"afhuiwfzmvn lvw","anvISvjfaiwoeffnvWef",2025-07-13,Health,fakhuiwhfuiwfnkwnfjqkw
41,"afhwiufhnkanz,v n,med","anfiawfhwifn,smncofei",2025-07-16,Health,afnbuahfioqwfkaw
42,"fafoiwfhnkznvkafuiawfnvz,m","anfvalsijfoivznvofiofv",2025-07-16,Health,aiufyhiuaknvzsief
43,"khgiweuhfSnsvcsedlknfvz","zkncoijfnvkzjaoife",2025-07-25,Health,AMDbuabfvksjvn
44,"aigaiuffhyuiaewfnkncks","afjoiefjiaknvfkfoweifjfjKLFJ",2025-07-16,Health,FJKHIWOEFHAWUIFAKsnVFZ
45,"KFJIOWFHkjnCZFHIFS","FCnSZVBUEHFAUIkVBDKZSJFIFWIOFHAJ",2025-07-18,Health,JKhfUIWMZ,NVOisEFJAIWHFAJKWFJK
46,"FHWIFHUKJZCNJSSEFUHIWFHAS","FHAWIUFHKJcnIWEHFKJZFJA",2025-07-19,Business,kjfhuhwfhw
47,"sund","sund",2025-08-07,Business,sun
48,"sternen","sjfcjoewdfuhyguhioh.gfudfrcufvyiuhkt7igyjhmjhiufdcfghjbjhcf vbkiuyftcgbifgvnkjhgfcg",2025-07-10,Business,sketcehre
49,"akfjeianfawfnawf","kafnvbksjgwoifvw",2025-07-13,Health,milkaai
50,"hjjkafioawf","fanveifnwf",2025-07-24,Health,ggasg
51,"gsgfb","azgrgsrg",2025-07-17,Health,gb
52,"zggegv","ageare",2025-07-13,Business,agvzdrgv
53,"milkaai","milkaai",2025-07-16,Health,milkaai
54,"trial for stream writer","hehehjeh",2025-07-19,Technology,milkaai
55,"gfafew","afafwae",2025-07-20,Technology,milkaai
56,"a","a",2025-07-18,Health,ugfyfkjhgyuf
57,"jgiatiajigvae","afjioajfaoigjawgaega",2025-07-19,Health,afaatew
58,"ff","bb",2025-07-14,Health,zzegeg
59,"mmmm",",mmmmmm",2025-07-19,Health,aut
